seed,step,tcp_x,tcp_y,tcp_z,red_x,red_y,red_z,blue_x,blue_y,blue_z,red_correct,blue_correct,red_grasped,blue_grasped,finger_left,finger_right,next_dx,next_dy,next_dz,next_gripper
100000,0,-2.9087066650390625e-05,0.0,0.1697624921798706,-0.0560002326965332,0.0,0.03099999949336052,0.0560002326965332,0.0,0.03099999949336052,False,False,False,False,0.03999999910593033,0.03999999910593033,0.0004380950122140348,-0.0021353389602154493,0.00057979766279459,1.0
100000,77,-0.02727651596069336,0.3441152572631836,0.091115802526474,-0.024437904357910156,0.34698009490966797,0.05089642107486725,0.055999755859375,0.0,0.029999932274222374,True,False,False,False,0.029960978776216507,0.029962101951241493,0.024934496730566025,0.009376926347613335,-0.07449658215045929,0.7857590317726135
100000,80,-0.025484561920166016,0.34317541122436523,0.08370466530323029,-0.024662494659423828,0.34908294677734375,0.039999958127737045,0.055999755859375,-4.76837158203125e-07,0.029999935999512672,True,False,False,False,0.034601952880620956,0.03460199013352394,0.051734521985054016,-0.021310072392225266,-0.12049277126789093,0.9472833871841431
100000,85,-0.011375904083251953,0.2358102798461914,0.1206912249326706,-0.05045604705810547,0.2862367630004883,0.03999999910593033,0.055999755859375,0.0,0.029999932274222374,True,False,False,False,0.038136422634124756,0.038132455199956894,0.18958304822444916,-1.0,0.20976847410202026,0.9490501284599304
100000,100,0.0018124580383300781,0.01710367202758789,0.03145249933004379,-0.05474424362182617,0.27402210235595703,0.039999909698963165,0.055999755859375,0.0,0.029999932274222374,True,False,False,False,0.034723758697509766,0.034723736345767975,0.005378930363804102,0.030493494123220444,-0.0011447654105722904,-1.0
100000,120,0.0031266212463378906,0.006258487701416016,0.04455234110355377,-0.05474424362182617,0.27402210235595703,0.039999909698963165,0.055999755859375,0.0,0.029999926686286926,True,False,False,False,0.0,0.0,-0.007060566451400518,-0.052900806069374084,-0.004963988903909922,-0.9810636639595032
100000,160,-0.0005621910095214844,-0.0159912109375,0.0606311559677124,-0.05474424362182617,0.27402210235595703,0.039999909698963165,0.055999755859375,-4.76837158203125e-07,0.029999930411577225,True,False,False,False,0.0,0.0,-0.00714342063292861,-0.026682578027248383,0.007833318784832954,-1.0
100000,200,-0.0026292800903320312,-0.025384902954101562,0.06535420566797256,-0.05474424362182617,0.27402210235595703,0.03999992087483406,0.055999755859375,-4.76837158203125e-07,0.029999935999512672,True,False,False,False,0.0,0.0,-0.0014436099445447326,-0.03350421413779259,0.0035158225800842047,-0.9676591753959656
100000,300,-0.009257793426513672,-0.02802419662475586,0.06337324529886246,-0.05474424362182617,0.27402210235595703,0.03999992087483406,0.055999755859375,0.0,0.029999932274222374,True,False,False,False,0.0,0.0,-0.0012450773501768708,-0.0024134451523423195,-0.008796319365501404,-0.9460258483886719
100000,400,-0.013190269470214844,-0.028220653533935547,0.059615358710289,-0.05474424362182617,0.27402210235595703,0.03999992832541466,0.055999755859375,0.0,0.029999932274222374,True,False,False,False,0.0,0.0,0.008339333347976208,-0.036798153072595596,0.00937490165233612,-0.9943566918373108
100000,600,-0.016704082489013672,-0.02700185775756836,0.06064365804195404,-0.05474424362182617,0.27402210235595703,0.039999909698963165,0.055999755859375,0.0,0.029999932274222374,True,False,False,False,0.0,0.0,,,,
100001,0,-2.9680319130420685e-05,0.0,0.1697624921798706,-0.0560000017285347,0.0,0.03099999949336052,0.0560000017285347,0.0,0.03099999949336052,False,False,False,False,0.03999999910593033,0.03999999910593033,0.004597463179379702,0.000401827011955902,-0.004736393224447966,1.0
100001,80,-0.020171791315078735,0.34264278411865234,0.067022405564785,-0.015553461387753487,0.34230947494506836,0.03999995067715645,0.05599958822131157,0.0,0.029999932274222374,True,False,False,False,0.028351716697216034,0.02835172973573208,-0.002727594692260027,-0.10312900692224503,-0.1576421856880188,0.796097457408905
100001,88,-0.008415941148996353,0.21676206588745117,0.11174934357404709,-0.026843303814530373,0.27022695541381836,0.0494772270321846,0.055999595671892166,0.0,0.029999932274222374,True,False,False,False,0.03833318129181862,0.038329314440488815,0.005966045428067446,-1.0,0.14597660303115845,0.9047799110412598
100001,100,-0.0029344139620661736,0.03922605514526367,0.00928538292646408,-0.028468478471040726,0.29583072662353516,0.03999989479780197,0.05599959194660187,0.0,0.029999932274222374,True,False,False,False,0.03595874458551407,0.03617556020617485,0.04641604796051979,-0.02941853739321232,-0.06169435381889343,0.628633439540863
100001,102,0.00021582376211881638,0.03885221481323242,0.010689951479434967,-0.028468480333685875,0.29583072662353516,0.03999989479780197,0.05599959194660187,0.0,0.029999932274222374,True,False,False,False,0.03506053611636162,0.03506108373403549,-0.019734421744942665,-0.02678414061665535,0.06418511271476746,-1.0
100001,116,-0.0006378153339028358,0.0023641586303710938,0.02898479998111725,-0.028468480333685875,0.29583072662353516,0.03999989479780197,0.05599959194660187,0.0,0.029999932274222374,True,False,False,False,0.0,0.0,0.0002618527505546808,-0.03882341831922531,0.08462662994861603,-1.0
100001,120,-0.00013325270265340805,-0.0026578903198242188,0.04034556448459625,-0.028468480333685875,0.29583072662353516,0.03999989479780197,0.05599959194660187,0.0,0.029999932274222374,True,False,False,False,0.0,0.0,-0.0057678623124957085,-0.06841889768838882,0.029057376086711884,-1.0
100001,160,-0.0018999958410859108,-0.036328792572021484,0.075116366147995,-0.028468480333685875,0.29583072662353516,0.03999989479780197,0.05599959194660187,0.0,0.029999932274222374,True,False,False,False,0.0,0.0,-0.013452166691422462,-0.02213895507156849,0.004527304787188768,-0.9662147760391235
100001,200,-0.0030894409865140915,-0.036188602447509766,0.07933948189020157,-0.028468480333685875,0.29583072662353516,0.03999989479780197,0.05599959194660187,0.0,0.029999932274222374,True,False,False,False,0.0,0.0,-0.0009581304620951414,-0.02848956733942032,-0.004010816570371389,-1.0
100001,300,-0.009770430624485016,-0.03813743591308594,0.07683325558900833,-0.028468480333685875,0.29583072662353516,0.03999989479780197,0.05599959194660187,0.0,0.029999932274222374,True,False,False,False,0.0,0.0,9.003143532027025e-06,0.005945607554167509,0.009275992400944233,-0.9614874124526978
100001,400,-0.012767985463142395,-0.04890012741088867,0.07649733126163483,-0.028468480333685875,0.29583072662353516,0.03999989479780197,0.05599959194660187,0.0,0.029999932274222374,True,False,False,False,0.0,0.0,0.0020615782123059034,-0.021015390753746033,0.002793092979118228,-1.0
100001,600,-0.01835855282843113,-0.04557323455810547,0.0773419514298439,-0.028468480333685875,0.29583072662353516,0.03999989479780197,0.05599959194660187,0.0,0.029999932274222374,True,False,False,False,0.0,0.0,,,,
100002,0,-2.9087066650390625e-05,1.6765936550200422e-07,0.1697624921798706,-0.0560002326965332,0.0,0.03099999949336052,0.0560002326965332,0.0,0.03099999949336052,False,False,False,False,0.03999999910593033,0.03999999910593033,0.013493876904249191,-0.004183473065495491,-0.007024391554296017,1.0
100002,80,-0.060198307037353516,-0.013851293362677097,0.0638793334364891,-0.05315256118774414,-0.014324937015771866,0.030307920649647713,0.055999755859375,-2.8464995693866513e-07,0.029999934136867523,False,False,True,False,0.023885436356067657,0.02391783334314823,-0.0035920115187764168,0.0009388488251715899,0.004159066826105118,-1.0
100002,100,-0.05746316909790039,-0.015333980321884155,0.06361901760101318,-0.05069255828857422,-0.01592552475631237,0.030054384842514992,0.055999755859375,-2.846548170509777e-07,0.029999934136867523,False,False,True,False,0.02388458140194416,0.02390320971608162,0.003928407561033964,0.013904116116464138,0.7592599987983704,-0.9910871386528015
100002,120,-0.019318103790283203,0.33742332458496094,0.18201982975006104,-0.011418819427490234,0.337367445230484,0.14863921701908112,0.055999755859375,-2.838140460426075e-07,0.029999934136867523,False,False,True,False,0.02390948124229908,0.02396567165851593,0.08035439997911453,0.033578623086214066,-0.9748637080192566,-0.9832765460014343
100002,125,-0.016024112701416016,0.3333890736103058,0.07010570168495178,-0.01046895980834961,0.3331204056739807,0.03999992460012436,0.055999755859375,-3.093845748480817e-07,0.029999934136867523,True,False,False,False,0.029666127637028694,0.0296662338078022,-0.05133512243628502,-0.015457862988114357,-0.04258444532752037,0.9006243944168091
100002,133,-0.012606143951416016,0.24657142162322998,0.1020798459649086,-0.02387714385986328,0.2764587104320526,0.04873565211892128,0.055999755859375,-3.090204643285688e-07,0.029999934136867523,True,False,False,False,0.03811444342136383,0.038112204521894455,0.25449490547180176,-1.0,0.4313737452030182,0.9469402432441711
100002,150,-0.0015015602111816406,0.012303117662668228,0.014326654374599457,-0.02837657928466797,0.2971816956996918,0.03999996557831764,0.055999755859375,-2.827243292813364e-07,0.029999934136867523,True,False,False,False,0.03327617049217224,0.033276237547397614,-0.003287652973085642,-7.557833305327222e-05,0.05326103791594505,-1.0
100002,157,-0.0004930496215820312,-0.001092423452064395,0.021095678210258484,-0.02837657928466797,0.297181636095047,0.03999996557831764,0.055999755859375,-3.088107121129724e-07,0.029999934136867523,True,False,False,False,0.0,0.0,-0.015497232787311077,-0.06382007896900177,-0.029422299936413765,-0.7958136200904846
100002,160,-0.0005445480346679688,-0.006033582612872124,0.019326195120811462,-0.02837657928466797,0.2971816956996918,0.03999996557831764,0.055999755859375,-2.831314418472175e-07,0.029999934136867523,True,False,False,False,0.0,0.0,0.008973276242613792,-0.04334976524114609,0.04198186844587326,-1.0
100002,200,-0.001445770263671875,-0.03932058811187744,0.07093141227960587,-0.02837657928466797,0.2971816956996918,0.03999996930360794,0.055999755859375,-2.838703778706986e-07,0.029999934136867523,True,False,False,False,0.0,0.0,-0.010206125676631927,-0.04901433363556862,0.0009479795699007809,-0.9808210730552673
100002,300,-0.008719444274902344,-0.047296732664108276,0.07224719971418381,-0.02837657928466797,0.2971816956996918,0.03999996557831764,0.055999755859375,-2.8287863074183406e-07,0.029999934136867523,True,False,False,False,0.0,0.0,-4.434029688127339e-05,-0.007601324934512377,0.007742676418274641,-0.9720967411994934
100002,400,-0.01196146011352539,-0.05186459794640541,0.07146061956882477,-0.02837657928466797,0.2971816956996918,0.03999996930360794,0.055999755859375,-2.830848870871705e-07,0.029999934136867523,True,False,False,False,0.0,0.0,-0.005094023887068033,-0.02735006809234619,0.002162586897611618,-0.9916764497756958
100002,600,-0.018884658813476562,-0.05381521210074425,0.07380205392837524,-0.02837657928466797,0.2971816956996918,0.03999996557831764,0.055999755859375,-2.844314508365642e-07,0.029999934136867523,True,False,False,False,0.0,0.0,,,,
100003,0,-2.9680319130420685e-05,1.6765936550200422e-07,0.1697624921798706,-0.0560000017285347,0.0,0.03099999949336052,0.0560000017285347,0.0,0.03099999949336052,False,False,False,False,0.03999999910593033,0.03999999910593033,-0.004805224947631359,0.011059877462685108,-9.915149712469429e-05,1.0
100003,80,-0.06320306658744812,-0.013695328496396542,0.06079041212797165,-0.05858335644006729,-0.014117642305791378,0.03003973886370659,0.055999595671892166,-2.937391059276706e-07,0.029999934136867523,False,False,True,False,0.02390635572373867,0.02392585016787052,-0.00037448754301294684,0.021151157096028328,-0.00024401742848567665,-0.9991478323936462
100003,100,-0.06595756113529205,-0.008899331092834473,0.06454861164093018,-0.061616286635398865,-0.009394310414791107,0.03371596708893776,0.055999595671892166,-2.9479986096703215e-07,0.029999934136867523,False,False,True,False,0.023907361552119255,0.02393953502178192,-0.00031976622994989157,0.007047560997307301,-0.008205377496778965,-0.9971923232078552
100003,120,-0.06631487607955933,-0.01139453798532486,0.061085090041160583,-0.06190763786435127,-0.011937643401324749,0.03029700182378292,0.055999595671892166,-2.949421116227313e-07,0.029999934136867523,False,False,True,False,0.02390216663479805,0.02394058182835579,0.014141317456960678,-0.06025763973593712,0.01997867412865162,-0.9513654112815857
100003,149,-0.02719639614224434,0.30982279777526855,0.08861436694860458,-0.025952603667974472,0.30823829770088196,0.044464029371738434,0.055999595671892166,-2.9204647944425233e-07,0.029999934136867523,True,False,False,False,0.029073840007185936,0.029073016718029976,-0.06951028853654861,-0.036551788449287415,-0.0021609426476061344,0.8036845326423645
100003,157,-0.0016439864411950111,0.15504880249500275,0.14214299619197845,-0.02993847243487835,0.30708691477775574,0.03999992460012436,0.055999595671892166,-2.933440725882974e-07,0.029999934136867523,True,False,False,False,0.03890838846564293,0.03890435770153999,0.07001291215419769,-1.0,0.0854586735367775,1.0
100003,160,0.005143380723893642,0.03703022375702858,0.14987969398498535,-0.02993847243487835,0.30708691477775574,0.03999992460012436,0.05599959194660187,-2.932072789008089e-07,0.029999934136867523,True,False,False,False,0.03948846831917763,0.03948475793004036,0.023939887061715126,-0.32480964064598083,0.017505597323179245,0.9327681064605713
100003,167,0.0046995654702186584,-0.007179764099419117,0.02939184010028839,-0.029938535764813423,0.3070869743824005,0.039999913424253464,0.055999599397182465,-2.9232654696897953e-07,0.029999934136867523,True,False,False,False,0.03882747143507004,0.03882758691906929,0.022794293239712715,-0.033648524433374405,-0.26872754096984863,0.9540058374404907
100003,170,0.004807955585420132,-0.009469796903431416,0.010429002344608307,-0.029938317835330963,0.3070874810218811,0.040000010281801224,0.055999595671892166,-2.9374763244049973e-07,0.029999934136867523,True,False,False,False,0.03641616180539131,0.036415621638298035,-0.014510526321828365,-0.028532639145851135,0.03820786252617836,-1.0
100003,200,0.0028619468212127686,-0.034231457859277725,0.05847451090812683,-0.0299384742975235,0.30708691477775574,0.03999992460012436,0.055999595671892166,-2.9549332225542457e-07,0.029999934136867523,True,False,False,False,0.0,0.0,0.006574307102710009,-0.02472860924899578,0.01963450014591217,-0.9875227212905884
100003,300,-0.005092067644000053,-0.04833197593688965,0.06614235788583755,-0.0299384668469429,0.30708691477775574,0.03999992087483406,0.055999599397182465,-2.937015324278036e-07,0.029999934136867523,True,False,False,False,0.0,0.0,-0.0005929330363869667,0.0038775645662099123,0.003170336363837123,-0.9541477560997009
100003,400,-0.009866365231573582,-0.04830911010503769,0.06679406762123108,-0.0299384668469429,0.30708691477775574,0.03999992087483406,0.055999595671892166,-2.94505269948786e-07,0.029999934136867523,True,False,False,False,0.0,0.0,-0.008250490762293339,-0.032988470047712326,-0.0020293649286031723,-0.9945994019508362
100003,600,-0.0158231258392334,-0.04711958393454552,0.06537584960460663,-0.029938319697976112,0.3070874810218811,0.040000010281801224,0.055999599397182465,-2.936352245797025e-07,0.029999934136867523,True,False,False,False,0.0,0.0,,,,
